{
  "rmsd_angstrom_last_quarter": {
    "pT78": {
      "mean": 5.376401037036314,
      "std": 0.27024265064257
    },
    "WT": {
      "mean": 2.342314224612078,
      "std": 0.1866056341022254
    }
  },
  "rg_angstrom_last_quarter": {
    "pT78": {
      "mean": 31.45200375002116,
      "std": 0.22421665830307985
    },
    "WT": {
      "mean": 30.68100093946605,
      "std": 0.15149650895251074
    }
  },
  "sasa_resid78_angstrom2_last_quarter": {
    "pT78": {
      "mean": 350.17193553693613,
      "std": 3.3847288667281483
    },
    "WT": {
      "mean": 287.2444285272232,
      "std": 2.6871732635122734
    }
  },
  "n_contacts_last_quarter": {
    "pT78": {
      "mean": 2631.76,
      "std": 14.578180041875369
    },
    "WT": {
      "mean": 2647.08,
      "std": 10.535337362103471
    }
  }
}