{
  "rmsd_angstrom_last_quarter": {
    "pT78": {
      "mean": 7.89673208586993,
      "std": 1.1006538207701753
    },
    "WT": {
      "mean": 2.395971144034319,
      "std": 0.3058102808010906
    }
  },
  "rg_angstrom_last_quarter": {
    "pT78": {
      "mean": 32.28086302598373,
      "std": 0.5400465613115573
    },
    "WT": {
      "mean": 30.588409221702282,
      "std": 0.20501799904565124
    }
  },
  "sasa_resid78_angstrom2_last_quarter": {
    "pT78": {
      "mean": 347.59848715430394,
      "std": 5.121503787482264
    },
    "WT": {
      "mean": 286.4232463066156,
      "std": 2.586341228094298
    }
  },
  "n_contacts_last_quarter": {
    "pT78": {
      "mean": 2627.716,
      "std": 13.84871538575587
    },
    "WT": {
      "mean": 2611.266,
      "std": 14.581924050619524
    }
  }
}